image,label
images/f730e09a-b7f9-4c01-9aee-24d6600e2f56.jpg,BENIGN
images/1e994d9c-5bf6-4933-8b14-c71eb6ec21e8.jpg,MEL
images/b6860791-552c-42a4-b137-72cbe10ee97a.jpg,AK
images/e7813b17-aad8-431b-8574-05abf5542915.jpg,BCC
images/835a4462-84a4-4d92-9d01-2b288ac1c66a.jpg,SK
images/5ee4fd69-a929-482b-86e9-02cffce847cb.jpg,SCC
images/af313916-ff6d-4c23-a363-859a0a4d3c85.jpg,VASC
images/e56d1b66-b401-48a8-a3ab-0d68cc32f948.jpg,DF
images/0cde6e92-ae9d-41b4-9117-af59ec9d14d2.jpg,ONN
images/5f8771ef-8c27-4b10-8dae-a01686835d23.jpg,NEVUS
images/b51472b4-bed6-40bf-80db-ca1113f7566e.jpg,BENIGN
images/c2248381-e5ef-4493-835d-7a58263e9c6f.jpg,BENIGN
images/c7f540c0-573b-4c35-8bb7-09c633eb78c3.jpg,BENIGN
images/10a51cf4-1cde-46f4-8c43-ce7df0c5413e.jpg,BENIGN
images/7f02fb8e-4ace-4cb3-b6c0-0b497005de27.jpg,BENIGN
images/922736ff-e0aa-45cb-aa65-a00965d7cbfb.jpg,BENIGN
images/82263011-b100-4624-8703-8297f740e657.jpg,BENIGN
images/1ba57f4c-2b9a-4322-b6d4-0b2bfb7c1e99.jpg,BENIGN
images/20c7d3c2-3ecd-4bed-a1ca-1e293104938d.jpg,BENIGN
images/714b3de8-8579-4db5-82e6-49a314b47a70.jpg,BENIGN
images/66236f50-842d-405a-a7b4-948ccb0bff8d.jpg,BENIGN
images/e54bbb9b-44de-4c9b-a48b-f66e4bb15dc8.jpg,BENIGN
images/b368ab48-15ea-4661-8a55-735d08389757.jpg,BENIGN
images/2d3f09ad-1a9f-42a6-b9dd-98c10011ce8c.jpg,BENIGN
images/3f4df10b-3654-404a-8142-7d1270af0baf.jpg,BENIGN
images/e1b17fd3-11c4-4c8b-91b0-d39dc7d28ab4.jpg,BENIGN
images/32eac0f0-9159-445d-8913-29eba313b0c2.jpg,BENIGN
images/337f294e-062f-4633-8b68-fc010adc7109.jpg,BENIGN
images/4fbab17e-f6a9-4ab1-9b18-e5751c5023bd.jpg,BENIGN
images/ba9e7fdc-025c-4827-af2e-40c0ff1cbec0.jpg,BENIGN
images/32ac067d-d321-4369-a3e7-f0c1474dd98c.jpg,BENIGN
images/38e75d86-94bf-4832-9d1b-02913085152c.jpg,BENIGN
images/cb916bf0-e16a-4bc9-aca4-74a2b67edf26.jpg,BENIGN
images/d24cf3d8-0e33-45b5-809e-85834b6dc5ef.jpg,BENIGN
images/2e934573-abbf-4072-bcfd-544c62c153dc.jpg,BENIGN
images/4f890d98-f06d-4a0e-82ae-a0b3d3887b37.jpg,BENIGN
images/82684e98-d20b-495a-b3c3-b56b4ff42f4e.jpg,BENIGN
images/1e65c11f-a510-499c-b5e2-da456960258d.jpg,BENIGN
images/c57b7dda-042a-4764-8d55-41cb90de9e41.jpg,BENIGN
images/92bf1673-f5d0-4c5e-a13a-bc400db7050d.jpg,BENIGN
images/95816019-20f8-412e-aaa3-fc30341b7ce4.jpg,BENIGN
images/2e4bc558-8b80-4729-b358-f6cf31677b08.jpg,BENIGN
images/35cd4258-0519-4d23-bfbb-f738e2521e33.jpg,BENIGN
images/654fcf04-8ff7-4666-8d1d-739ffeaafb00.jpg,BENIGN
images/dd9f1295-3594-4e7d-b096-80b2c62fbc6c.jpg,BENIGN
images/3e2ee145-6979-44ea-9fcb-fb69d53cef76.jpg,BENIGN
images/0ff8c8f3-9c75-41ed-9891-a11142a9b5be.jpg,BENIGN
images/d4bba191-c840-4d21-9d80-672cc713c68f.jpg,BENIGN
images/f507bd4a-f7cb-427c-ab26-950511cc9b9d.jpg,BENIGN
images/218199dd-833b-47b6-9e85-17dc7cb9d731.jpg,BENIGN
